Product_ID,Master_Chapter_ID,Chapter,Product_Type,Publish_Status,Master_Version,Published_From_Version,Store_URL,Notes
WOW-CH01-PDF,WOW-CH01,CH01,WOW PDF,Draft,1,0,,
WOW-CH01-SCROLL,WOW-CH01,CH01,Prayer Scroll,Draft,1,0,,
WOW-CH01-STUDY,WOW-CH01,CH01,Study Guide,Draft,1,0,,
WOW-CH01-JOURNAL,WOW-CH01,CH01,Journal Pages,Draft,1,0,,
WOW-CH01-AUDIO,WOW-CH01,CH01,Audio Prayer,Draft,1,0,,
WOW-CH01-VIDEO,WOW-CH01,CH01,Video Teaching,Draft,1,0,,
WOW-CH01-BUNDLE,WOW-CH01,CH01,Chapter Bundle,Draft,1,0,,
WOW-CH02-PDF,WOW-CH02,CH02,WOW PDF,Draft,1,0,,
WOW-CH02-SCROLL,WOW-CH02,CH02,Prayer Scroll,Draft,1,0,,
WOW-CH02-STUDY,WOW-CH02,CH02,Study Guide,Draft,1,0,,
WOW-CH02-JOURNAL,WOW-CH02,CH02,Journal Pages,Draft,1,0,,
WOW-CH02-AUDIO,WOW-CH02,CH02,Audio Prayer,Draft,1,0,,
WOW-CH02-VIDEO,WOW-CH02,CH02,Video Teaching,Draft,1,0,,
WOW-CH02-BUNDLE,WOW-CH02,CH02,Chapter Bundle,Draft,1,0,,
WOW-CH03-PDF,WOW-CH03,CH03,WOW PDF,Draft,1,0,,
WOW-CH03-SCROLL,WOW-CH03,CH03,Prayer Scroll,Draft,1,0,,
WOW-CH03-STUDY,WOW-CH03,CH03,Study Guide,Draft,1,0,,
WOW-CH03-JOURNAL,WOW-CH03,CH03,Journal Pages,Draft,1,0,,
WOW-CH03-AUDIO,WOW-CH03,CH03,Audio Prayer,Draft,1,0,,
WOW-CH03-VIDEO,WOW-CH03,CH03,Video Teaching,Draft,1,0,,
WOW-CH03-BUNDLE,WOW-CH03,CH03,Chapter Bundle,Draft,1,0,,
WOW-CH04-PDF,WOW-CH04,CH04,WOW PDF,Draft,1,0,,
WOW-CH04-SCROLL,WOW-CH04,CH04,Prayer Scroll,Draft,1,0,,
WOW-CH04-STUDY,WOW-CH04,CH04,Study Guide,Draft,1,0,,
WOW-CH04-JOURNAL,WOW-CH04,CH04,Journal Pages,Draft,1,0,,
WOW-CH04-AUDIO,WOW-CH04,CH04,Audio Prayer,Draft,1,0,,
WOW-CH04-VIDEO,WOW-CH04,CH04,Video Teaching,Draft,1,0,,
WOW-CH04-BUNDLE,WOW-CH04,CH04,Chapter Bundle,Draft,1,0,,
WOW-CH05-PDF,WOW-CH05,CH05,WOW PDF,Draft,1,0,,
WOW-CH05-SCROLL,WOW-CH05,CH05,Prayer Scroll,Draft,1,0,,
WOW-CH05-STUDY,WOW-CH05,CH05,Study Guide,Draft,1,0,,
WOW-CH05-JOURNAL,WOW-CH05,CH05,Journal Pages,Draft,1,0,,
WOW-CH05-AUDIO,WOW-CH05,CH05,Audio Prayer,Draft,1,0,,
WOW-CH05-VIDEO,WOW-CH05,CH05,Video Teaching,Draft,1,0,,
WOW-CH05-BUNDLE,WOW-CH05,CH05,Chapter Bundle,Draft,1,0,,
WOW-CH06-PDF,WOW-CH06,CH06,WOW PDF,Draft,1,0,,
WOW-CH06-SCROLL,WOW-CH06,CH06,Prayer Scroll,Draft,1,0,,
WOW-CH06-STUDY,WOW-CH06,CH06,Study Guide,Draft,1,0,,
WOW-CH06-JOURNAL,WOW-CH06,CH06,Journal Pages,Draft,1,0,,
WOW-CH06-AUDIO,WOW-CH06,CH06,Audio Prayer,Draft,1,0,,
WOW-CH06-VIDEO,WOW-CH06,CH06,Video Teaching,Draft,1,0,,
WOW-CH06-BUNDLE,WOW-CH06,CH06,Chapter Bundle,Draft,1,0,,
WOW-CH07-PDF,WOW-CH07,CH07,WOW PDF,Draft,1,0,,
WOW-CH07-SCROLL,WOW-CH07,CH07,Prayer Scroll,Draft,1,0,,
WOW-CH07-STUDY,WOW-CH07,CH07,Study Guide,Draft,1,0,,
WOW-CH07-JOURNAL,WOW-CH07,CH07,Journal Pages,Draft,1,0,,
WOW-CH07-AUDIO,WOW-CH07,CH07,Audio Prayer,Draft,1,0,,
WOW-CH07-VIDEO,WOW-CH07,CH07,Video Teaching,Draft,1,0,,
WOW-CH07-BUNDLE,WOW-CH07,CH07,Chapter Bundle,Draft,1,0,,
WOW-CH08-PDF,WOW-CH08,CH08,WOW PDF,Draft,1,0,,
WOW-CH08-SCROLL,WOW-CH08,CH08,Prayer Scroll,Draft,1,0,,
WOW-CH08-STUDY,WOW-CH08,CH08,Study Guide,Draft,1,0,,
WOW-CH08-JOURNAL,WOW-CH08,CH08,Journal Pages,Draft,1,0,,
WOW-CH08-AUDIO,WOW-CH08,CH08,Audio Prayer,Draft,1,0,,
WOW-CH08-VIDEO,WOW-CH08,CH08,Video Teaching,Draft,1,0,,
WOW-CH08-BUNDLE,WOW-CH08,CH08,Chapter Bundle,Draft,1,0,,
WOW-CH09-PDF,WOW-CH09,CH09,WOW PDF,Draft,1,0,,
WOW-CH09-SCROLL,WOW-CH09,CH09,Prayer Scroll,Draft,1,0,,
WOW-CH09-STUDY,WOW-CH09,CH09,Study Guide,Draft,1,0,,
WOW-CH09-JOURNAL,WOW-CH09,CH09,Journal Pages,Draft,1,0,,
WOW-CH09-AUDIO,WOW-CH09,CH09,Audio Prayer,Draft,1,0,,
WOW-CH09-VIDEO,WOW-CH09,CH09,Video Teaching,Draft,1,0,,
WOW-CH09-BUNDLE,WOW-CH09,CH09,Chapter Bundle,Draft,1,0,,
WOW-CH10-PDF,WOW-CH10,CH10,WOW PDF,Draft,1,0,,
WOW-CH10-SCROLL,WOW-CH10,CH10,Prayer Scroll,Draft,1,0,,
WOW-CH10-STUDY,WOW-CH10,CH10,Study Guide,Draft,1,0,,
WOW-CH10-JOURNAL,WOW-CH10,CH10,Journal Pages,Draft,1,0,,
WOW-CH10-AUDIO,WOW-CH10,CH10,Audio Prayer,Draft,1,0,,
WOW-CH10-VIDEO,WOW-CH10,CH10,Video Teaching,Draft,1,0,,
WOW-CH10-BUNDLE,WOW-CH10,CH10,Chapter Bundle,Draft,1,0,,
WOW-CH11-PDF,WOW-CH11,CH11,WOW PDF,Draft,1,0,,
WOW-CH11-SCROLL,WOW-CH11,CH11,Prayer Scroll,Draft,1,0,,
WOW-CH11-STUDY,WOW-CH11,CH11,Study Guide,Draft,1,0,,
WOW-CH11-JOURNAL,WOW-CH11,CH11,Journal Pages,Draft,1,0,,
WOW-CH11-AUDIO,WOW-CH11,CH11,Audio Prayer,Draft,1,0,,
WOW-CH11-VIDEO,WOW-CH11,CH11,Video Teaching,Draft,1,0,,
WOW-CH11-BUNDLE,WOW-CH11,CH11,Chapter Bundle,Draft,1,0,,
WOW-CH12-PDF,WOW-CH12,CH12,WOW PDF,Draft,1,0,,
WOW-CH12-SCROLL,WOW-CH12,CH12,Prayer Scroll,Draft,1,0,,
WOW-CH12-STUDY,WOW-CH12,CH12,Study Guide,Draft,1,0,,
WOW-CH12-JOURNAL,WOW-CH12,CH12,Journal Pages,Draft,1,0,,
WOW-CH12-AUDIO,WOW-CH12,CH12,Audio Prayer,Draft,1,0,,
WOW-CH12-VIDEO,WOW-CH12,CH12,Video Teaching,Draft,1,0,,
WOW-CH12-BUNDLE,WOW-CH12,CH12,Chapter Bundle,Draft,1,0,,
WOW-CH13-PDF,WOW-CH13,CH13,WOW PDF,Draft,1,0,,
WOW-CH13-SCROLL,WOW-CH13,CH13,Prayer Scroll,Draft,1,0,,
WOW-CH13-STUDY,WOW-CH13,CH13,Study Guide,Draft,1,0,,
WOW-CH13-JOURNAL,WOW-CH13,CH13,Journal Pages,Draft,1,0,,
WOW-CH13-AUDIO,WOW-CH13,CH13,Audio Prayer,Draft,1,0,,
WOW-CH13-VIDEO,WOW-CH13,CH13,Video Teaching,Draft,1,0,,
WOW-CH13-BUNDLE,WOW-CH13,CH13,Chapter Bundle,Draft,1,0,,
WOW-CH14-PDF,WOW-CH14,CH14,WOW PDF,Draft,1,0,,
WOW-CH14-SCROLL,WOW-CH14,CH14,Prayer Scroll,Draft,1,0,,
WOW-CH14-STUDY,WOW-CH14,CH14,Study Guide,Draft,1,0,,
WOW-CH14-JOURNAL,WOW-CH14,CH14,Journal Pages,Draft,1,0,,
WOW-CH14-AUDIO,WOW-CH14,CH14,Audio Prayer,Draft,1,0,,
WOW-CH14-VIDEO,WOW-CH14,CH14,Video Teaching,Draft,1,0,,
WOW-CH14-BUNDLE,WOW-CH14,CH14,Chapter Bundle,Draft,1,0,,
WOW-CH15-PDF,WOW-CH15,CH15,WOW PDF,Draft,1,0,,
WOW-CH15-SCROLL,WOW-CH15,CH15,Prayer Scroll,Draft,1,0,,
WOW-CH15-STUDY,WOW-CH15,CH15,Study Guide,Draft,1,0,,
WOW-CH15-JOURNAL,WOW-CH15,CH15,Journal Pages,Draft,1,0,,
WOW-CH15-AUDIO,WOW-CH15,CH15,Audio Prayer,Draft,1,0,,
WOW-CH15-VIDEO,WOW-CH15,CH15,Video Teaching,Draft,1,0,,
WOW-CH15-BUNDLE,WOW-CH15,CH15,Chapter Bundle,Draft,1,0,,
WOW-CH16-PDF,WOW-CH16,CH16,WOW PDF,Draft,1,0,,
WOW-CH16-SCROLL,WOW-CH16,CH16,Prayer Scroll,Draft,1,0,,
WOW-CH16-STUDY,WOW-CH16,CH16,Study Guide,Draft,1,0,,
WOW-CH16-JOURNAL,WOW-CH16,CH16,Journal Pages,Draft,1,0,,
WOW-CH16-AUDIO,WOW-CH16,CH16,Audio Prayer,Draft,1,0,,
WOW-CH16-VIDEO,WOW-CH16,CH16,Video Teaching,Draft,1,0,,
WOW-CH16-BUNDLE,WOW-CH16,CH16,Chapter Bundle,Draft,1,0,,
WOW-CH17-PDF,WOW-CH17,CH17,WOW PDF,Draft,1,0,,
WOW-CH17-SCROLL,WOW-CH17,CH17,Prayer Scroll,Draft,1,0,,
WOW-CH17-STUDY,WOW-CH17,CH17,Study Guide,Draft,1,0,,
WOW-CH17-JOURNAL,WOW-CH17,CH17,Journal Pages,Draft,1,0,,
WOW-CH17-AUDIO,WOW-CH17,CH17,Audio Prayer,Draft,1,0,,
WOW-CH17-VIDEO,WOW-CH17,CH17,Video Teaching,Draft,1,0,,
WOW-CH17-BUNDLE,WOW-CH17,CH17,Chapter Bundle,Draft,1,0,,
WOW-CH18-PDF,WOW-CH18,CH18,WOW PDF,Draft,1,0,,
WOW-CH18-SCROLL,WOW-CH18,CH18,Prayer Scroll,Draft,1,0,,
WOW-CH18-STUDY,WOW-CH18,CH18,Study Guide,Draft,1,0,,
WOW-CH18-JOURNAL,WOW-CH18,CH18,Journal Pages,Draft,1,0,,
WOW-CH18-AUDIO,WOW-CH18,CH18,Audio Prayer,Draft,1,0,,
WOW-CH18-VIDEO,WOW-CH18,CH18,Video Teaching,Draft,1,0,,
WOW-CH18-BUNDLE,WOW-CH18,CH18,Chapter Bundle,Draft,1,0,,
WOW-CH19-PDF,WOW-CH19,CH19,WOW PDF,Draft,1,0,,
WOW-CH19-SCROLL,WOW-CH19,CH19,Prayer Scroll,Draft,1,0,,
WOW-CH19-STUDY,WOW-CH19,CH19,Study Guide,Draft,1,0,,
WOW-CH19-JOURNAL,WOW-CH19,CH19,Journal Pages,Draft,1,0,,
WOW-CH19-AUDIO,WOW-CH19,CH19,Audio Prayer,Draft,1,0,,
WOW-CH19-VIDEO,WOW-CH19,CH19,Video Teaching,Draft,1,0,,
WOW-CH19-BUNDLE,WOW-CH19,CH19,Chapter Bundle,Draft,1,0,,
WOW-CH20-PDF,WOW-CH20,CH20,WOW PDF,Draft,1,0,,
WOW-CH20-SCROLL,WOW-CH20,CH20,Prayer Scroll,Draft,1,0,,
WOW-CH20-STUDY,WOW-CH20,CH20,Study Guide,Draft,1,0,,
WOW-CH20-JOURNAL,WOW-CH20,CH20,Journal Pages,Draft,1,0,,
WOW-CH20-AUDIO,WOW-CH20,CH20,Audio Prayer,Draft,1,0,,
WOW-CH20-VIDEO,WOW-CH20,CH20,Video Teaching,Draft,1,0,,
WOW-CH20-BUNDLE,WOW-CH20,CH20,Chapter Bundle,Draft,1,0,,
WOW-CH21-PDF,WOW-CH21,CH21,WOW PDF,Draft,1,0,,
WOW-CH21-SCROLL,WOW-CH21,CH21,Prayer Scroll,Draft,1,0,,
WOW-CH21-STUDY,WOW-CH21,CH21,Study Guide,Draft,1,0,,
WOW-CH21-JOURNAL,WOW-CH21,CH21,Journal Pages,Draft,1,0,,
WOW-CH21-AUDIO,WOW-CH21,CH21,Audio Prayer,Draft,1,0,,
WOW-CH21-VIDEO,WOW-CH21,CH21,Video Teaching,Draft,1,0,,
WOW-CH21-BUNDLE,WOW-CH21,CH21,Chapter Bundle,Draft,1,0,,
WOW-CH22-PDF,WOW-CH22,CH22,WOW PDF,Draft,1,0,,
WOW-CH22-SCROLL,WOW-CH22,CH22,Prayer Scroll,Draft,1,0,,
WOW-CH22-STUDY,WOW-CH22,CH22,Study Guide,Draft,1,0,,
WOW-CH22-JOURNAL,WOW-CH22,CH22,Journal Pages,Draft,1,0,,
WOW-CH22-AUDIO,WOW-CH22,CH22,Audio Prayer,Draft,1,0,,
WOW-CH22-VIDEO,WOW-CH22,CH22,Video Teaching,Draft,1,0,,
WOW-CH22-BUNDLE,WOW-CH22,CH22,Chapter Bundle,Draft,1,0,,
WOW-CH23-PDF,WOW-CH23,CH23,WOW PDF,Draft,1,0,,
WOW-CH23-SCROLL,WOW-CH23,CH23,Prayer Scroll,Draft,1,0,,
WOW-CH23-STUDY,WOW-CH23,CH23,Study Guide,Draft,1,0,,
WOW-CH23-JOURNAL,WOW-CH23,CH23,Journal Pages,Draft,1,0,,
WOW-CH23-AUDIO,WOW-CH23,CH23,Audio Prayer,Draft,1,0,,
WOW-CH23-VIDEO,WOW-CH23,CH23,Video Teaching,Draft,1,0,,
WOW-CH23-BUNDLE,WOW-CH23,CH23,Chapter Bundle,Draft,1,0,,
WOW-CH24-PDF,WOW-CH24,CH24,WOW PDF,Draft,1,0,,
WOW-CH24-SCROLL,WOW-CH24,CH24,Prayer Scroll,Draft,1,0,,
WOW-CH24-STUDY,WOW-CH24,CH24,Study Guide,Draft,1,0,,
WOW-CH24-JOURNAL,WOW-CH24,CH24,Journal Pages,Draft,1,0,,
WOW-CH24-AUDIO,WOW-CH24,CH24,Audio Prayer,Draft,1,0,,
WOW-CH24-VIDEO,WOW-CH24,CH24,Video Teaching,Draft,1,0,,
WOW-CH24-BUNDLE,WOW-CH24,CH24,Chapter Bundle,Draft,1,0,,
WOW-CH25-PDF,WOW-CH25,CH25,WOW PDF,Draft,1,0,,
WOW-CH25-SCROLL,WOW-CH25,CH25,Prayer Scroll,Draft,1,0,,
WOW-CH25-STUDY,WOW-CH25,CH25,Study Guide,Draft,1,0,,
WOW-CH25-JOURNAL,WOW-CH25,CH25,Journal Pages,Draft,1,0,,
WOW-CH25-AUDIO,WOW-CH25,CH25,Audio Prayer,Draft,1,0,,
WOW-CH25-VIDEO,WOW-CH25,CH25,Video Teaching,Draft,1,0,,
WOW-CH25-BUNDLE,WOW-CH25,CH25,Chapter Bundle,Draft,1,0,,
WOW-CH26-PDF,WOW-CH26,CH26,WOW PDF,Draft,1,0,,
WOW-CH26-SCROLL,WOW-CH26,CH26,Prayer Scroll,Draft,1,0,,
WOW-CH26-STUDY,WOW-CH26,CH26,Study Guide,Draft,1,0,,
WOW-CH26-JOURNAL,WOW-CH26,CH26,Journal Pages,Draft,1,0,,
WOW-CH26-AUDIO,WOW-CH26,CH26,Audio Prayer,Draft,1,0,,
WOW-CH26-VIDEO,WOW-CH26,CH26,Video Teaching,Draft,1,0,,
WOW-CH26-BUNDLE,WOW-CH26,CH26,Chapter Bundle,Draft,1,0,,
WOW-CH27-PDF,WOW-CH27,CH27,WOW PDF,Draft,1,0,,
WOW-CH27-SCROLL,WOW-CH27,CH27,Prayer Scroll,Draft,1,0,,
WOW-CH27-STUDY,WOW-CH27,CH27,Study Guide,Draft,1,0,,
WOW-CH27-JOURNAL,WOW-CH27,CH27,Journal Pages,Draft,1,0,,
WOW-CH27-AUDIO,WOW-CH27,CH27,Audio Prayer,Draft,1,0,,
WOW-CH27-VIDEO,WOW-CH27,CH27,Video Teaching,Draft,1,0,,
WOW-CH27-BUNDLE,WOW-CH27,CH27,Chapter Bundle,Draft,1,0,,
WOW-CH28-PDF,WOW-CH28,CH28,WOW PDF,Draft,1,0,,
WOW-CH28-SCROLL,WOW-CH28,CH28,Prayer Scroll,Draft,1,0,,
WOW-CH28-STUDY,WOW-CH28,CH28,Study Guide,Draft,1,0,,
WOW-CH28-JOURNAL,WOW-CH28,CH28,Journal Pages,Draft,1,0,,
WOW-CH28-AUDIO,WOW-CH28,CH28,Audio Prayer,Draft,1,0,,
WOW-CH28-VIDEO,WOW-CH28,CH28,Video Teaching,Draft,1,0,,
WOW-CH28-BUNDLE,WOW-CH28,CH28,Chapter Bundle,Draft,1,0,,
WOW-CH29-PDF,WOW-CH29,CH29,WOW PDF,Draft,1,0,,
WOW-CH29-SCROLL,WOW-CH29,CH29,Prayer Scroll,Draft,1,0,,
WOW-CH29-STUDY,WOW-CH29,CH29,Study Guide,Draft,1,0,,
WOW-CH29-JOURNAL,WOW-CH29,CH29,Journal Pages,Draft,1,0,,
WOW-CH29-AUDIO,WOW-CH29,CH29,Audio Prayer,Draft,1,0,,
WOW-CH29-VIDEO,WOW-CH29,CH29,Video Teaching,Draft,1,0,,
WOW-CH29-BUNDLE,WOW-CH29,CH29,Chapter Bundle,Draft,1,0,,
WOW-CH30-PDF,WOW-CH30,CH30,WOW PDF,Draft,1,0,,
WOW-CH30-SCROLL,WOW-CH30,CH30,Prayer Scroll,Draft,1,0,,
WOW-CH30-STUDY,WOW-CH30,CH30,Study Guide,Draft,1,0,,
WOW-CH30-JOURNAL,WOW-CH30,CH30,Journal Pages,Draft,1,0,,
WOW-CH30-AUDIO,WOW-CH30,CH30,Audio Prayer,Draft,1,0,,
WOW-CH30-VIDEO,WOW-CH30,CH30,Video Teaching,Draft,1,0,,
WOW-CH30-BUNDLE,WOW-CH30,CH30,Chapter Bundle,Draft,1,0,,
WOW-COMPLETE-BOOK,(all chapters),ALL,Complete Walk On Water Book,Draft,1,0,,Compiled from all 30 approved master chapters
